[{"model": "testsuite.test", "pk": 1, "fields": {"topic": null, "title": "Math test", "description": "", "level": 2, "image": "covers/math-clipart-notebook-clip-art-vector-image-first.png"}}, {"model": "testsuite.question", "pk": 1, "fields": {"test": 1, "number": 1, "text": "2+2", "description": ""}}, {"model": "testsuite.question", "pk": 2, "fields": {"test": 1, "number": 2, "text": "3*3", "description": ""}}, {"model": "testsuite.question", "pk": 3, "fields": {"test": 1, "number": 3, "text": "log(0)", "description": ""}}, {"model": "testsuite.question", "pk": 4, "fields": {"test": 1, "number": 4, "text": "+inf+ -inf", "description": ""}}, {"model": "testsuite.variant", "pk": 1, "fields": {"text": "3.14", "question": 1, "is_correct": false}}, {"model": "testsuite.variant", "pk": 2, "fields": {"text": "5", "question": 1, "is_correct": false}}, {"model": "testsuite.variant", "pk": 3, "fields": {"text": "4", "question": 1, "is_correct": true}}, {"model": "testsuite.variant", "pk": 4, "fields": {"text": "a lot of", "question": 1, "is_correct": false}}, {"model": "testsuite.variant", "pk": 5, "fields": {"text": "5", "question": 2, "is_correct": false}}, {"model": "testsuite.variant", "pk": 6, "fields": {"text": "9", "question": 2, "is_correct": true}}, {"model": "testsuite.variant", "pk": 7, "fields": {"text": "17", "question": 2, "is_correct": false}}, {"model": "testsuite.variant", "pk": 8, "fields": {"text": "-1", "question": 2, "is_correct": false}}, {"model": "testsuite.variant", "pk": 9, "fields": {"text": "-1", "question": 3, "is_correct": false}}, {"model": "testsuite.variant", "pk": 10, "fields": {"text": "mistake", "question": 3, "is_correct": true}}, {"model": "testsuite.variant", "pk": 11, "fields": {"text": "0", "question": 3, "is_correct": false}}, {"model": "testsuite.variant", "pk": 12, "fields": {"text": "0", "question": 4, "is_correct": false}}, {"model": "testsuite.variant", "pk": 13, "fields": {"text": "mistake", "question": 4, "is_correct": false}}, {"model": "testsuite.variant", "pk": 14, "fields": {"text": "inf", "question": 4, "is_correct": true}}, {"model": "testsuite.variant", "pk": 15, "fields": {"text": "-1", "question": 4, "is_correct": false}}, {"model": "testsuite.testresult", "pk": 1, "fields": {"user": 1, "test": 1, "datetime_run": "2024-01-24T18:45:31.918Z", "is_completed": true, "is_new": false, "avr_score": "4.00"}}, {"model": "testsuite.testresult", "pk": 2, "fields": {"user": 1, "test": 1, "datetime_run": "2024-01-24T19:39:01.512Z", "is_completed": true, "is_new": false, "avr_score": "3.75"}}, {"model": "testsuite.testresult", "pk": 3, "fields": {"user": 2, "test": 1, "datetime_run": "2024-01-25T12:39:04.239Z", "is_completed": true, "is_new": false, "avr_score": "4.00"}}, {"model": "testsuite.testresult", "pk": 4, "fields": {"user": 3, "test": 1, "datetime_run": "2024-01-29T11:30:00.226Z", "is_completed": true, "is_new": false, "avr_score": "2.83"}}, {"model": "testsuite.testresult", "pk": 5, "fields": {"user": 1, "test": 1, "datetime_run": "2024-01-29T11:32:00.777Z", "is_completed": true, "is_new": false, "avr_score": "4.00"}}, {"model": "testsuite.testresult", "pk": 6, "fields": {"user": 3, "test": 1, "datetime_run": "2024-02-01T09:01:09.148Z", "is_completed": true, "is_new": false, "avr_score": "4.00"}}, {"model": "testsuite.testresultdetail", "pk": 1, "fields": {"test_result": 1, "question": 1, "variant": 1, "is_correct": 1}}, {"model": "testsuite.testresultdetail", "pk": 2, "fields": {"test_result": 1, "question": 1, "variant": 2, "is_correct": 1}}, {"model": "testsuite.testresultdetail", "pk": 3, "fields": {"test_result": 1, "question": 1, "variant": 3, "is_correct": 1}}, {"model": "testsuite.testresultdetail", "pk": 4, "fields": {"test_result": 1, "question": 1, "variant": 4, "is_correct": 1}}, {"model": "testsuite.testresultdetail", "pk": 5, "fields": {"test_result": 1, "question": 2, "variant": 5, "is_correct": 1}}, {"model": "testsuite.testresultdetail", "pk": 6, "fields": {"test_result": 1, "question": 2, "variant": 6, "is_correct": 1}}, {"model": "testsuite.testresultdetail", "pk": 7, "fields": {"test_result": 1, "question": 2, "variant": 7, "is_correct": 1}}, {"model": "testsuite.testresultdetail", "pk": 8, "fields": {"test_result": 1, "question": 2, "variant": 8, "is_correct": 1}}, {"model": "testsuite.testresultdetail", "pk": 9, "fields": {"test_result": 1, "question": 3, "variant": 9, "is_correct": 1}}, {"model": "testsuite.testresultdetail", "pk": 10, "fields": {"test_result": 1, "question": 3, "variant": 10, "is_correct": 1}}, {"model": "testsuite.testresultdetail", "pk": 11, "fields": {"test_result": 1, "question": 3, "variant": 11, "is_correct": 1}}, {"model": "testsuite.testresultdetail", "pk": 12, "fields": {"test_result": 1, "question": 4, "variant": 12, "is_correct": 1}}, {"model": "testsuite.testresultdetail", "pk": 13, "fields": {"test_result": 1, "question": 4, "variant": 13, "is_correct": 1}}, {"model": "testsuite.testresultdetail", "pk": 14, "fields": {"test_result": 1, "question": 4, "variant": 14, "is_correct": 1}}, {"model": "testsuite.testresultdetail", "pk": 15, "fields": {"test_result": 1, "question": 4, "variant": 15, "is_correct": 1}}, {"model": "testsuite.testresultdetail", "pk": 16, "fields": {"test_result": 2, "question": 1, "variant": 1, "is_correct": 1}}, {"model": "testsuite.testresultdetail", "pk": 17, "fields": {"test_result": 2, "question": 1, "variant": 2, "is_correct": 1}}, {"model": "testsuite.testresultdetail", "pk": 18, "fields": {"test_result": 2, "question": 1, "variant": 3, "is_correct": 1}}, {"model": "testsuite.testresultdetail", "pk": 19, "fields": {"test_result": 2, "question": 1, "variant": 4, "is_correct": 0}}, {"model": "testsuite.testresultdetail", "pk": 20, "fields": {"test_result": 2, "question": 2, "variant": 5, "is_correct": 1}}, {"model": "testsuite.testresultdetail", "pk": 21, "fields": {"test_result": 2, "question": 2, "variant": 6, "is_correct": 1}}, {"model": "testsuite.testresultdetail", "pk": 22, "fields": {"test_result": 2, "question": 2, "variant": 7, "is_correct": 1}}, {"model": "testsuite.testresultdetail", "pk": 23, "fields": {"test_result": 2, "question": 2, "variant": 8, "is_correct": 1}}, {"model": "testsuite.testresultdetail", "pk": 24, "fields": {"test_result": 2, "question": 3, "variant": 9, "is_correct": 1}}, {"model": "testsuite.testresultdetail", "pk": 25, "fields": {"test_result": 2, "question": 3, "variant": 10, "is_correct": 1}}, {"model": "testsuite.testresultdetail", "pk": 26, "fields": {"test_result": 2, "question": 3, "variant": 11, "is_correct": 1}}, {"model": "testsuite.testresultdetail", "pk": 27, "fields": {"test_result": 2, "question": 4, "variant": 12, "is_correct": 1}}, {"model": "testsuite.testresultdetail", "pk": 28, "fields": {"test_result": 2, "question": 4, "variant": 13, "is_correct": 1}}, {"model": "testsuite.testresultdetail", "pk": 29, "fields": {"test_result": 2, "question": 4, "variant": 14, "is_correct": 1}}, {"model": "testsuite.testresultdetail", "pk": 30, "fields": {"test_result": 2, "question": 4, "variant": 15, "is_correct": 1}}, {"model": "testsuite.testresultdetail", "pk": 31, "fields": {"test_result": 3, "question": 1, "variant": 1, "is_correct": 1}}, {"model": "testsuite.testresultdetail", "pk": 32, "fields": {"test_result": 3, "question": 1, "variant": 2, "is_correct": 1}}, {"model": "testsuite.testresultdetail", "pk": 33, "fields": {"test_result": 3, "question": 1, "variant": 3, "is_correct": 1}}, {"model": "testsuite.testresultdetail", "pk": 34, "fields": {"test_result": 3, "question": 1, "variant": 4, "is_correct": 1}}, {"model": "testsuite.testresultdetail", "pk": 35, "fields": {"test_result": 3, "question": 2, "variant": 5, "is_correct": 1}}, {"model": "testsuite.testresultdetail", "pk": 36, "fields": {"test_result": 3, "question": 2, "variant": 6, "is_correct": 1}}, {"model": "testsuite.testresultdetail", "pk": 37, "fields": {"test_result": 3, "question": 2, "variant": 7, "is_correct": 1}}, {"model": "testsuite.testresultdetail", "pk": 38, "fields": {"test_result": 3, "question": 2, "variant": 8, "is_correct": 1}}, {"model": "testsuite.testresultdetail", "pk": 39, "fields": {"test_result": 3, "question": 3, "variant": 9, "is_correct": 1}}, {"model": "testsuite.testresultdetail", "pk": 40, "fields": {"test_result": 3, "question": 3, "variant": 10, "is_correct": 1}}, {"model": "testsuite.testresultdetail", "pk": 41, "fields": {"test_result": 3, "question": 3, "variant": 11, "is_correct": 1}}, {"model": "testsuite.testresultdetail", "pk": 42, "fields": {"test_result": 3, "question": 4, "variant": 12, "is_correct": 1}}, {"model": "testsuite.testresultdetail", "pk": 43, "fields": {"test_result": 3, "question": 4, "variant": 13, "is_correct": 1}}, {"model": "testsuite.testresultdetail", "pk": 44, "fields": {"test_result": 3, "question": 4, "variant": 14, "is_correct": 1}}, {"model": "testsuite.testresultdetail", "pk": 45, "fields": {"test_result": 3, "question": 4, "variant": 15, "is_correct": 1}}, {"model": "testsuite.testresultdetail", "pk": 46, "fields": {"test_result": 4, "question": 1, "variant": 1, "is_correct": 1}}, {"model": "testsuite.testresultdetail", "pk": 47, "fields": {"test_result": 4, "question": 1, "variant": 2, "is_correct": 1}}, {"model": "testsuite.testresultdetail", "pk": 48, "fields": {"test_result": 4, "question": 1, "variant": 3, "is_correct": 1}}, {"model": "testsuite.testresultdetail", "pk": 49, "fields": {"test_result": 4, "question": 1, "variant": 4, "is_correct": 1}}, {"model": "testsuite.testresultdetail", "pk": 50, "fields": {"test_result": 4, "question": 2, "variant": 5, "is_correct": 1}}, {"model": "testsuite.testresultdetail", "pk": 51, "fields": {"test_result": 4, "question": 2, "variant": 6, "is_correct": 1}}, {"model": "testsuite.testresultdetail", "pk": 52, "fields": {"test_result": 4, "question": 2, "variant": 7, "is_correct": 1}}, {"model": "testsuite.testresultdetail", "pk": 53, "fields": {"test_result": 4, "question": 2, "variant": 8, "is_correct": 1}}, {"model": "testsuite.testresultdetail", "pk": 54, "fields": {"test_result": 4, "question": 3, "variant": 9, "is_correct": 1}}, {"model": "testsuite.testresultdetail", "pk": 55, "fields": {"test_result": 4, "question": 3, "variant": 10, "is_correct": 0}}, {"model": "testsuite.testresultdetail", "pk": 56, "fields": {"test_result": 4, "question": 3, "variant": 11, "is_correct": 0}}, {"model": "testsuite.testresultdetail", "pk": 57, "fields": {"test_result": 4, "question": 4, "variant": 12, "is_correct": 0}}, {"model": "testsuite.testresultdetail", "pk": 58, "fields": {"test_result": 4, "question": 4, "variant": 13, "is_correct": 1}}, {"model": "testsuite.testresultdetail", "pk": 59, "fields": {"test_result": 4, "question": 4, "variant": 14, "is_correct": 0}}, {"model": "testsuite.testresultdetail", "pk": 60, "fields": {"test_result": 4, "question": 4, "variant": 15, "is_correct": 1}}, {"model": "testsuite.testresultdetail", "pk": 61, "fields": {"test_result": 5, "question": 1, "variant": 1, "is_correct": 1}}, {"model": "testsuite.testresultdetail", "pk": 62, "fields": {"test_result": 5, "question": 1, "variant": 2, "is_correct": 1}}, {"model": "testsuite.testresultdetail", "pk": 63, "fields": {"test_result": 5, "question": 1, "variant": 3, "is_correct": 1}}, {"model": "testsuite.testresultdetail", "pk": 64, "fields": {"test_result": 5, "question": 1, "variant": 4, "is_correct": 1}}, {"model": "testsuite.testresultdetail", "pk": 65, "fields": {"test_result": 5, "question": 2, "variant": 5, "is_correct": 1}}, {"model": "testsuite.testresultdetail", "pk": 66, "fields": {"test_result": 5, "question": 2, "variant": 6, "is_correct": 1}}, {"model": "testsuite.testresultdetail", "pk": 67, "fields": {"test_result": 5, "question": 2, "variant": 7, "is_correct": 1}}, {"model": "testsuite.testresultdetail", "pk": 68, "fields": {"test_result": 5, "question": 2, "variant": 8, "is_correct": 1}}, {"model": "testsuite.testresultdetail", "pk": 69, "fields": {"test_result": 5, "question": 3, "variant": 9, "is_correct": 1}}, {"model": "testsuite.testresultdetail", "pk": 70, "fields": {"test_result": 5, "question": 3, "variant": 10, "is_correct": 1}}, {"model": "testsuite.testresultdetail", "pk": 71, "fields": {"test_result": 5, "question": 3, "variant": 11, "is_correct": 1}}, {"model": "testsuite.testresultdetail", "pk": 72, "fields": {"test_result": 5, "question": 4, "variant": 12, "is_correct": 1}}, {"model": "testsuite.testresultdetail", "pk": 73, "fields": {"test_result": 5, "question": 4, "variant": 13, "is_correct": 1}}, {"model": "testsuite.testresultdetail", "pk": 74, "fields": {"test_result": 5, "question": 4, "variant": 14, "is_correct": 1}}, {"model": "testsuite.testresultdetail", "pk": 75, "fields": {"test_result": 5, "question": 4, "variant": 15, "is_correct": 1}}, {"model": "testsuite.testresultdetail", "pk": 76, "fields": {"test_result": 6, "question": 1, "variant": 1, "is_correct": 1}}, {"model": "testsuite.testresultdetail", "pk": 77, "fields": {"test_result": 6, "question": 1, "variant": 2, "is_correct": 1}}, {"model": "testsuite.testresultdetail", "pk": 78, "fields": {"test_result": 6, "question": 1, "variant": 3, "is_correct": 1}}, {"model": "testsuite.testresultdetail", "pk": 79, "fields": {"test_result": 6, "question": 1, "variant": 4, "is_correct": 1}}, {"model": "testsuite.testresultdetail", "pk": 80, "fields": {"test_result": 6, "question": 2, "variant": 5, "is_correct": 1}}, {"model": "testsuite.testresultdetail", "pk": 81, "fields": {"test_result": 6, "question": 2, "variant": 6, "is_correct": 1}}, {"model": "testsuite.testresultdetail", "pk": 82, "fields": {"test_result": 6, "question": 2, "variant": 7, "is_correct": 1}}, {"model": "testsuite.testresultdetail", "pk": 83, "fields": {"test_result": 6, "question": 2, "variant": 8, "is_correct": 1}}, {"model": "testsuite.testresultdetail", "pk": 84, "fields": {"test_result": 6, "question": 3, "variant": 9, "is_correct": 1}}, {"model": "testsuite.testresultdetail", "pk": 85, "fields": {"test_result": 6, "question": 3, "variant": 10, "is_correct": 1}}, {"model": "testsuite.testresultdetail", "pk": 86, "fields": {"test_result": 6, "question": 3, "variant": 11, "is_correct": 1}}, {"model": "testsuite.testresultdetail", "pk": 87, "fields": {"test_result": 6, "question": 4, "variant": 12, "is_correct": 1}}, {"model": "testsuite.testresultdetail", "pk": 88, "fields": {"test_result": 6, "question": 4, "variant": 13, "is_correct": 1}}, {"model": "testsuite.testresultdetail", "pk": 89, "fields": {"test_result": 6, "question": 4, "variant": 14, "is_correct": 1}}, {"model": "testsuite.testresultdetail", "pk": 90, "fields": {"test_result": 6, "question": 4, "variant": 15, "is_correct": 1}}, {"model": "user_account.user", "pk": 1, "fields": {"password": "pbkdf2_sha256$600000$PkVN3dOyALC9RFxaDbqbQ3$/85V6GCg81DAWLAV/8GkSlW2ckxf3v64Nk1kZPlzC3g=", "last_login": "2024-02-03T18:00:20.488Z", "is_superuser": true, "username": "admin", "first_name": "", "last_name": "", "email": "yuraskakun1@gmail.com", "is_staff": true, "is_active": true, "date_joined": "2024-01-12T08:53:49.029Z", "image": "pics/2012-06-26-121.jpg", "avr_score": "91.67", "number_tests_passed": 0, "percent_success": "0.00", "location": "", "birth_date": "2024-01-12", "correct_answers_count": 11, "total_questions": 12, "groups": [], "user_permissions": []}}, {"model": "user_account.user", "pk": 2, "fields": {"password": "pbkdf2_sha256$600000$5fBwEiyInFtLK6VJKNgRXx$6K6L7jLtURPJ88yADucaM1YN5JQrvUkC00v2hcaEovw=", "last_login": "2024-01-29T11:31:15.523Z", "is_superuser": false, "username": "admin1", "first_name": "", "last_name": "", "email": "yuraskakun@ukr.net", "is_staff": false, "is_active": true, "date_joined": "2024-01-13T17:48:34.730Z", "image": "pics/2012-06-26-121.jpg", "avr_score": "100.00", "number_tests_passed": 0, "percent_success": "0.00", "location": "", "birth_date": "2024-01-13", "correct_answers_count": 4, "total_questions": 4, "groups": [], "user_permissions": []}}, {"model": "user_account.user", "pk": 3, "fields": {"password": "pbkdf2_sha256$600000$aCHEkTn7kTosWXI6Ciq4Zx$HoeH8A8UOdabfBv9k0pUZTkZV0Fmcw3BngWxrV3nwFs=", "last_login": "2024-02-06T16:35:28.042Z", "is_superuser": false, "username": "admin2", "first_name": "", "last_name": "", "email": "yuraskakun@ukr.net2", "is_staff": false, "is_active": true, "date_joined": "2024-01-13T18:34:33.886Z", "image": "default.jpg", "avr_score": "75.00", "number_tests_passed": 0, "percent_success": "0.00", "location": "", "birth_date": "2024-01-13", "correct_answers_count": 6, "total_questions": 8, "groups": [], "user_permissions": []}}]